{"prng_state": [59048535524622120046, 4], "n1": 8, "observed_poll": {"Schuette": 8, "Whitmer": 23, "Gelineau": 1, "Butkovich": 0, "Schleiger": 0, "Kurland": 0}, "o2": 0, "u2": 0, "o1": 0, "n2": 32, "u1": 0, "audit_pvalues": {"('Whitmer', 'Gelineau')": 2.996648389208545e-06, "('Whitmer', 'Butkovich')": 1.3006510990454245e-07, "('Whitmer', 'Schleiger')": 1.432634995079951e-07, "('Whitmer', 'Schuette')": 0.03741402419787909, "('Whitmer', 'Kurland')": 1.8942156698731338e-07}, "samples": {"cvr_sample": [384, 355, 1643, 2235, 304, 248, 4083, 13], "nocvr_sample": [18974, 11478, 3354, 4398, 5119, 2626, 505, 22154, 21336, 10686, 1692, 7905, 1523, 11934, 12023, 16401, 7456, 21126, 9859, 5981, 9805, 2274, 4079, 8378, 5003, 2627, 19076, 2137, 6040, 15616, 10212, 5649]}}