{"o2_rate": 0, "seed": 59048535524622120046, "n_ratio": 0.19135400853032603, "num_winners": 1, "u1_rate": 0, "o1_rate": 0.002, "u2_rate": 0, "stratum_sizes": [5294, 22372], "gamma": 1.03905, "lambda_step": 0.05, "risk_limit": 0.05}