{"u2_rate": 0, "n_ratio": 0.49789009752438107, "lambda_step": 0.05, "u1_rate": 0, "o1_rate": 0.002, "seed": 49228331723515618585, "o2_rate": 0, "stratum_sizes": [10619, 10709], "gamma": 1.03905, "num_winners": 1, "risk_limit": 0.09}